id,nome,codigo,ean,status,valor_venda,estoque_disponivel,estoque_reservado,estoque_total,estoque_minimo,categoria,custo_medio,peso_liquido,descricao,updated_at,Atualizar
a7396475-2759-4386-b26f-5322815b6a7e,1-G-COXINHA AIPIM FRANGO C/20 130GR,1,7898620330217,ATIVO,"53,30",112,,112,80,Produto Acabado,"4,56","1,25",,2026-02-05T18:31:45.504175Z,
030bfa5e-e7b4-434d-aaab-bd1833056c74,1-G-COXINHA TRADICIONAL FRANGO C/20 130GR,3059,7898620330224,ATIVO,"54,50",120,,120,180,Produto Acabado,"3,35","1,25",,2026-02-05T18:31:45.796034Z,
b4d36edf-88b1-4b97-953a-a2464785428e,1-G-EMPANADO SALSICHA C/10 140GR,3078,7898620330262,ATIVO,"39,18",145,,145,50,Produto Acabado,"4,61","1,40",,2026-01-20T11:20:23.884008Z,
163a28e9-7233-4085-9016-804c2790d73a,1-GG-COXINHA FRANGO C/10 170GR,5151,7898620330842,ATIVO,"40,29",165,5,170,100,Produto Acabado,"5,26","1,25",,2026-01-20T11:20:23.461753Z,
65158d61-d0fe-48ab-b39e-4236ad8d3d7f,1-G-[O]-EMPANADO SALSICHA C/10 140GR,5544,7898620330989,ATIVO,"35,28",,,,24,Produto Acabado,"4,61","1,40",,2026-01-20T13:09:47.052175Z,
fdebd8b9-b5b5-4974-acd7-a72e2d8b7b7d,1-G-RISOLES CARNE C/10 140GR,3063,7898620330491,ATIVO,"28,46",82,,82,40,Produto Acabado,"6,03","1,40",,2026-02-05T18:31:45.893238Z,
34571b82-2738-4d2d-8200-17a16a6611f0,1-G-RISOLES PIZZA C/10 140GR,3062,7898620330521,ATIVO,"28,46",72,,72,40,Produto Acabado,"6,23","1,40",,2026-01-20T10:52:48.594893Z,
68d1c232-a246-41c9-8680-515902324f7a,2-FR-BOLINHO DE CARNE C/10,3065,,ATIVO,"71,50",59,,59,5,Material p/ revenda,"35,00",,,2026-02-05T18:31:45.845028Z,
6c91e31b-dfc1-435a-a2a0-d569a584e35d,2-FR-EMPANADO SALSICHA C/10 140GR,3079,7898620330255,ATIVO,"46,68",,,,12,Produto Acabado,,"1,40",,2026-02-05T18:31:45.761344Z,
1b02de61-5507-4149-9338-81fafa1473df,2-FR-ESPETINHO FRANGO C/BAC. C/10,3333,7898620330545,ATIVO,"71,50",56,,56,5,Material p/ revenda,"37,50","1,00",,2026-02-04T16:16:50.769189Z,
7ff8bae1-57b7-4bad-bb8b-07840c339029,2-FR-G-COXINHA-AIPIM-FRANGO C/20 130GR,3051,7898620330149,ATIVO,"59,35",,,,55,Produto Acabado,,"1,00",,2026-02-05T18:31:45.908376Z,
4fabcc3f-6af0-4021-8087-a91b2b48c402,2-FR-GG-COXINHA FRANGO C/10 170GR,5182,7898620330866,ATIVO,"45,58",,,,100,Produto Acabado,"5,61","1,70",,2026-01-20T10:55:28.618939Z,
c161cfd2-8b3b-4416-8e22-8b4cb4117976,2-FR-M-COXINHA FRANGO C/AIPIM C/30 60GR,5023,7898620330767,ATIVO,"50,10",66,,66,58,Produto Acabado,"3,61","1,20",,2026-01-20T10:55:44.422489Z,
ccacc0e0-9127-44de-9790-16ce8801ea56,2-FR-M-COXINHA KIBE C/20 75GR,5592,7898620331108,ATIVO,"56,91",,,,5,Produto Acabado,,"1,50",,2026-01-20T10:55:58.913264Z,
b109b753-b260-4e71-8336-05d17f18fd5c,2-FR-M-COXINHA LING.BLUMEN.C/30 65GR,5298,7898620330873,ATIVO,"57,61",,,,16,Produto Acabado,,"1,50",,2026-01-20T10:56:12.111935Z,
7bc47f82-1c49-4d5a-a92b-853b3f9a3ac2,2-FR-RISOLES DE CARNE C/10,3069,7898620330484,ATIVO,"40,29",17,,17,25,Produto Acabado,"3,66","1,00",,2026-01-20T10:56:24.946012Z,
580a6d50-ca00-480d-ad00-9fa1086fdf9e,2-FR-RISOLES DE PIZZA C/10,3070,7898620330538,ATIVO,"40,29",,,,5,Produto Acabado,,"1,00",,2026-01-20T10:56:35.773932Z,
ceee06ba-71ed-46a8-bdd3-669b006b22ce,3-DOGUINHO 2.SALSICHAS C/08 220GR,3086,7898620330248,ATIVO,"52,83",138,,138,80,Produto Acabado,"10,50","1,76",,2026-01-20T10:56:59.649871Z,
ce8f0c71-80ac-46ad-a734-bf923739abd9,3-ENROLADINHO CALABRESA C/08 140GR,5200,7898620330880,ATIVO,"45,32",132,,132,75,Produto Acabado,,"1,12",,2026-01-20T10:57:10.260518Z,
996950ce-92dd-41b1-8d68-6eefbf00dd32,3-ENROLADINHO FRANGO C/08 140GR,3088,7898620330293,ATIVO,"37,69",85,5,90,60,Produto Acabado,"4,91","1,12",,2026-02-05T18:31:53.195476Z,
86d31905-2439-4bd8-a698-6d625a532feb,3-ENROLADINHO PIZZA C/08 140GR,3272,7898620330415,ATIVO,"37,69",48,,48,50,Produto Acabado,"5,49","1,01",,2026-01-20T10:57:36.198839Z,
8c3bfd1e-0c9c-4ae4-bb91-3e8375deb3ef,3-HAMBURGAO CHEEDAR/CEBOLA C/05 280GR,3087,7898620330583,ATIVO,"43,28",92,3,95,130,Produto Acabado,"13,46","1,40",,2026-02-05T18:31:53.106962Z,
094ef19e-b26c-4cd7-84d5-afa0f8bfb620,4-MINI BOCADINHO DE PALMITO C/50 30GR,3084,7898620330323,ATIVO,"34,08",227,,227,70,Produto Acabado,"3,24","1,50",,2026-01-20T10:58:17.928182Z,
a75d7667-60f6-4917-944a-37d7e52a11cc,4-MINI BOLINHA DE QUEIJO C/50 30GR,3082,7898620330460,ATIVO,"34,08",94,,94,240,Produto Acabado,"5,94","1,50",,2026-01-20T10:58:28.023777Z,
64b36251-b076-43ab-9693-9966ef2c0ce7,4-MINI CHURROS DOCE LEITE C/50 30GR,4091,7898620330705,ATIVO,"34,08",128,,128,125,Produto Acabado,"6,23","1,50",,2026-02-01T18:59:46.732739Z,
7faa9f2d-4b9d-452e-bfae-ac824502ec34,4-MINI COXINHA FRANGO C/50 30GR,3081,7898620330316,ATIVO,"34,08",265,,265,480,Produto Acabado,"4,16","1,50",,2026-02-05T18:31:53.162698Z,
ed9c2a08-24d1-40e9-8f12-7e0a929c9f21,4-MINI COXINHA LING.BLUMEN.C/50 30GR,5286,7898620330897,ATIVO,"39,18",55,,55,30,Produto Acabado,,"1,50",,2026-02-01T18:59:46.768762Z,
d6f12774-8388-4469-9246-8f42e752acc5,4-MINI CROQUETE DE CARNE C/50 30GR,3083,7898620330347,ATIVO,"34,08",239,,239,105,Produto Acabado,"4,95","1,50",,2026-01-20T10:59:08.299606Z,
fc6d66d9-24c1-4bcf-84d4-69f69c9b3e6e,4-MINI EMPADA FRANGO C/50 32GR,4765,7898620330910,ATIVO,"54,39",106,,106,105,Produto Acabado,"7,64","1,00",,2026-01-20T10:59:21.967579Z,
15f10c02-ed24-4fdc-9b8b-0b2031183942,4-MINI EMPADA PALMITO C/50 32GR,5040,7898620330927,ATIVO,"41,84",,,,,Produto Acabado,,,,2026-01-20T10:59:34.017167Z,
bba43b79-c690-43f4-9e2d-054636bd16d0,4-MINI KIBE CARNE C/50 28GR,3972,7898620330651,ATIVO,"52,50",193,,193,50,Produto Acabado,"8,66","1,45",,2026-01-20T10:59:48.963353Z,
7d707801-3bf5-4efb-ad10-5c9b6fba5012,4-MINI SALSICHA C/50 25GR,5183,7898620330934,ATIVO,"37,82",115,,115,40,Produto Acabado,"8,17","1,50",,2026-02-01T18:59:46.819465Z,
2d4cafc5-6383-4188-bc0f-f36047fe8f82,4-MINI TRAVESSEIRO PIZZA C/50 30GR,3085,7898620330453,ATIVO,"34,08",,,,130,Produto Acabado,"5,55","1,50",,2026-01-20T11:00:15.459049Z,
8b8e8c6a-625a-4de3-a8b2-fa1898998d22,5-CALZONE CALABRESA C/CHEEDAR C/08 160GR,3072,7898620330170,ATIVO,"46,72",27,,27,24,Produto Acabado,"9,48","1,08",,2026-01-20T11:00:46.326495Z,
a0b181bb-8b92-438e-a324-beb5cba8cc21,5-CALZONE CARNE C/REQUEIJAO C/08 160GR,3073,7898620330187,ATIVO,"46,72",46,,46,35,Produto Acabado,"7,78","1,40",,2026-01-20T11:00:59.395428Z,
6b2a5427-87b0-4c17-bdd4-feded6a97e34,5-CALZONE FRANGO C/REQ.C/08 160GR,3071,7898620330194,ATIVO,"46,72",18,,18,30,Produto Acabado,"7,08","1,28",,2026-01-20T11:01:11.383737Z,
a4bf4279-b6b1-4db9-80a7-e5e8d52fcdba,6-TORTINHA CALABRESA C/08 130GR,5557,7898620331085,ATIVO,"52,15",80,,80,5,Produto Acabado,"9,48","1,04",,2026-01-20T11:01:39.475725Z,
24b70308-785a-4ae1-9461-4fea1b48cb3b,6-TORTINHA CAMARAO C/REQ C/08 135GR,3728,7898620330606,ATIVO,"65,12",59,,59,60,Produto Acabado,"11,88","1,08",,2026-02-05T18:31:45.709722Z,
c033a4de-6767-4d7a-8fa2-58932b7a2d86,6-TORTINHA CARNE C/08 130GR,4614,7898620330002,ATIVO,"52,15",47,,47,20,Produto Acabado,"9,48","1,04",,2026-01-20T11:02:03.030029Z,
b888088a-cb15-4dc9-8e19-fcd568a6e2c6,6-TORTINHA FRANGO C/REQ C/08 130GR,3611,7898620330378,ATIVO,"52,15",,,,250,Produto Acabado,,"1,04",,2026-02-05T18:31:45.925594Z,
303e47de-3d17-4ffb-9a8c-185a166f7b89,6-TORTINHA FRANGO PALMITO C/REQ.C/08 135GR,4032,7898620331092,ATIVO,"52,15",37,,37,25,Produto Acabado,"6,69","1,05",,2026-02-05T18:31:45.803562Z,
d397b6a6-7da5-4134-b006-c9dccf60c571,6-TORTINHA PALMITO C/REQ.C/08 130GR,3609,7898620330385,ATIVO,"52,15",,,,100,Produto Acabado,,"1,05",,2026-02-05T18:31:45.84915Z,
4df3aa13-3943-4cb5-aa1d-a681a8e0dbe5,7-M-BOCADINHO PALMITO C/30 60GR,4823,7898620330996,ATIVO,"34,60",,,,10,Produto Acabado,"3,14","1,20",,2026-01-20T11:03:01.753164Z,
8d24dbe8-7c9d-4d63-a22f-ece68714f196,7-M-BOLINHA QUEIJO C/30 60GR,5128,7898620331009,ATIVO,"42,51",141,,141,90,Produto Acabado,"5,03","1,20",,2026-01-20T11:03:15.420208Z,
5d9c5033-f88b-4c51-8c56-b3e1d84d84ec,7-M-COXINHA AIPIM FRANGO C/30 60GR,4826,7898620330743,ATIVO,"42,51",216,,216,460,Produto Acabado,"4,70","1,20",,2026-02-05T18:32:39.268589Z,
dd7ab114-f055-4f17-8ca6-a98659bfc0c1,7-M-COXINHA CALABRESA.C/30 65GR,5553,7898620331016,ATIVO,"43,28",28,,28,5,Produto Acabado,,"1,50",,2026-01-20T11:03:42.341397Z,
4175e86f-17c1-4c54-b5cf-e159c2126bd4,7-M-COXINHA KIBE C/20 75GR,5560,7898620331023,ATIVO,"48,09",21,,21,5,Produto Acabado,,"1,50",,2026-01-20T11:03:55.853697Z,
e3e36310-d690-4209-8fe2-f6975ab26fe3,7-M-COXINHA LING.BLUMEN.C/30 65GR,5296,7898620331030,ATIVO,"47,37",73,,73,70,Produto Acabado,,"1,50",,2026-01-20T11:04:08.990007Z,
03a776de-0353-4757-8efd-310842644bf4,7-M-CROQUETE CARNE C/30 60GR,4809,7898620331047,ATIVO,"42,51",93,,93,40,Produto Acabado,"4,44","1,20",,2026-01-20T11:04:23.211778Z,
9e87a34f-cf1f-4a40-8737-02284432ea17,7-M-EMPANADO SALSICHA C/20 80GR,5050,7898620331054,ATIVO,"35,96",,,,20,Produto Acabado,"5,22","1,60",,2026-01-20T11:04:36.437622Z,
30f8bc77-67c9-4649-8f33-aeb22420bb23,7-M-TRAVESSEIRO PIZZA C/30 60GR,4824,7898620331061,ATIVO,"42,51",93,,93,70,Produto Acabado,"4,19","1,20",,2026-01-20T11:04:49.578529Z,
040b500d-cc00-491c-95bc-13111e152b6c,ABRACADEIRA PVC  3/4 BC ABRG-15 E015510015               WETZEL,002021007516,7895310016406,ATIVO,,,,,,Material de Uso e Consumo,,,,2026-01-13T03:34:42.112Z,
556f0dc0-2586-4beb-a294-cfa1a9d9f037,AGUA SANITARIA 5L QBOA 3X5L,289,,ATIVO,,8,,8,,Matéria-Prima,"22,56",,,2026-01-28T05:41:28.317789Z,
ab329c35-7eae-4ea5-8ce2-ca29365e2d49,"AMACIANTE ROUPA CONC COCO/BAUNI 1,5L GIR",20146,7896404607821,ATIVO,,,,,,Material de Uso e Consumo,,,,2026-01-15T08:27:19.671Z,
3fd43232-d577-46e5-8308-90e3368ab4da,APRESUNTADO KG,000099,17896275940581,ATIVO,,220,,220,,Matéria-Prima,"5,94",,,2026-02-09T17:34:15.779212Z,
a5ae2b19-eabe-4c57-a680-1285a87b51e4,BANHA SUINA KG,205388,17894904205384,ATIVO,,583,,583,,Matéria-Prima,"12,35","1,00",,2026-02-03T10:40:13.171599Z,
9b55d0bf-67a7-47aa-a24d-25447709de53,BATATA DESIDRATADA FLOCOS KG,111197,7896699306881,ATIVO,,177,,177,,Matéria-Prima,"24,74",,,2026-02-09T17:12:14.576124Z,
e17150c4-4066-4aa5-8cfc-b60c07df1604,BATATA PALITO CONGELADA KG,000000000000005988,7891527059885,ATIVO,,,,,,Material de Uso e Consumo,,,,2026-01-14T11:03:34.157Z,
e0b79bea-085b-4c17-88e6-eea6899902d4,BOCADINHO PALMITO C/25 - KIT FESTA,5185,,ATIVO,"20,00",,,,5,Material p/ revenda,"3,44","1,00",,2025-12-15T11:53:06.166338Z,
5d296020-32bc-4bc3-88d8-dfdf94c9b7aa,BOLINHA QUEIJO C/25 - KIT FESTA,5186,,ATIVO,"20,00",,,,5,Material p/ revenda,"4,03","1,00",,2025-12-15T11:53:06.180723Z,
66cc4a95-794a-46cf-8063-f3c0055cd538,Bolsa Kit Festa,MT2,,ATIVO,,480,,480,,Material de Uso e Consumo,"3,49",,,2026-01-14T09:07:52.357107Z,
198a161a-bc9e-4645-9888-73c26ffebe38,CALDO GALINHA KG,12282,7898286805739,ATIVO,,60,,60,,Matéria-Prima,"8,50",,,2026-02-06T05:32:55.085325Z,
03eecceb-268d-4af8-9b2e-76b2c83d8e3f,CARNE MOIDA PRIMEIRA ⭐ - KG,84,,ATIVO,,5,,5,,Matéria-Prima,"32,00",,,2026-01-15T08:21:01.966551Z,
a0531432-742e-4867-9087-6b939261e801,CARNE MOIDA SEGUNDA KG,221,,ATIVO,,140,,140,,Matéria-Prima,"42,86",,,2026-02-02T14:06:43.833076Z,
435fb855-a9f9-449c-9d0d-53f841c1f905,"CATCHUP 1,033KG HEINZ",91749,7896102000122,ATIVO,,,,,,Material de Uso e Consumo,,,,2026-01-15T08:27:19.794Z,
985147b9-b52c-4293-875a-560cd78a9cfa,CEBOLA IN NATURA KG,CEBOL2,,ATIVO,,180,,180,,Matéria prima,"2,56","18,00",,2026-01-26T21:45:54.775127Z,
721dc9f0-0a00-4d2d-8729-e15c2521d425,CEBOLINHA VERDE,CEBOL1,,ATIVO,,55,,55,,Categoria padrão,"14,31",,,2026-02-03T10:48:25.648244Z,
6765a546-adb8-4349-9778-e986783bd4c0,CHURROS D. LEITE C/25 - KIT FESTA,5187,,ATIVO,"27,50",,,,5,Material p/ revenda,"4,09","1,00",,2025-12-15T11:53:06.204421Z,
3532553f-8c32-40ea-b0ff-e31d8106950c,CONDULETE PVC MULT  1/2-3/4 S/R S/TPA 4TPOES BC E017210  WETZEL,093007074516,7895310056068,ATIVO,,,,,,Material de Uso e Consumo,,,,2026-01-13T03:34:42.083Z,
3fe1c854-c927-416a-93fb-ddbbb7c8b728,COXINHA FRANGO C/25 - KIT FESTA,5188,,ATIVO,"20,00",,,,5,Material p/ revenda,"3,79","1,00",,2025-12-15T11:53:06.202383Z,
a275c1aa-e3a9-4e41-ba9b-435ef978909f,COXINHA LING.BLUMENAU C/25 - KIT FESTA,5290,,ATIVO,"20,00",,,,5,Material p/ revenda,,"1,00",,2025-12-15T11:53:06.21895Z,
02cdfdde-d802-46a3-9f7d-bba605a3f72b,"CREAM CHEESE BS 1,5KG",102088,7891143016927,ATIVO,,3,,3,,Matéria-Prima,"51,16",,,2026-02-02T13:57:32.067371Z,
a2617ad6-063c-43dd-8ef8-d65c7b2d8e30,CREME DE LEITE TP-KG,1439,7898215151883,ATIVO,,,,,,Matéria-Prima,,,,2026-02-06T05:25:17.685021Z,
b23a8370-1a38-43f5-876c-78bd5a27fd25,CROQUETE CARNE C/25 - KIT FESTA,5189,,ATIVO,"20,00",,,,5,Material p/ revenda,"4,37","1,00",,2025-12-15T11:53:06.417708Z,
a8a74314-9c5e-4984-9c1d-83bd7a5366e5,DESINCRUSTANTE PRONTO USO SCOTCH-BRITE 1L,2864,7891040117628,ATIVO,,12,,12,,Matéria-Prima,"15,98",,,2026-01-14T09:38:45.420818Z,
f220d2d2-9c17-4254-91fc-20d4ce98a9dc,DETERG. LIQ.YPE 7L PRO NEUTRO 7L,7126,7896098901809,ATIVO,,7,,7,,Matéria-Prima,"27,64",,,2026-01-28T05:41:28.404095Z,
49117e4c-a243-442f-9534-86836b642cd2,EMPADINHA FRANGO C/24 - KIT FESTA,5193,,ATIVO,"27,50",,,,5,Material p/ revenda,"7,61","1,00",,2025-12-15T11:53:06.407176Z,
0bd62d00-d63b-4d36-a28f-f1369916ee2b,ESPETINHO DE FRANGO BACON PG 130GM PC CM 10UN,113,,ATIVO,,150,,150,,Mercadoria para Revenda,"39,70",,,2026-02-05T17:56:12.044846Z,
90332adf-2fc2-4bf4-ad28-04a257b068b1,ETANOL,5-1,,ATIVO,,,,,,Material de Uso e Consumo,,,,2026-01-14T08:12:58.515Z,
1f154dba-cc45-432c-9998-78c923b6c2a7,FARINHA PARA EMPANAR KG,1269,,ATIVO,,465,,465,,Matéria-Prima,"7,89",,,2026-02-09T19:10:12.792252Z,
fc72609c-918d-42a7-aa2d-621695181325,FARINHA TRIGO INDUSTRIAL T1 REALTA 25KG,0012446,07896300701593,ATIVO,,30,,30,,Matéria-Prima,"67,85",,,2026-01-15T09:24:28.01219Z,
369cd820-fc63-4b6e-81ef-3562feb7d0d3,FARINHA TRIGO TIPO 1,0014371,17896300702207,ATIVO,,7125,,7125,,Matéria-Prima,"2,58",,,2026-02-06T05:08:25.911492Z,
b1e897a2-3fd4-4816-9425-98c4c2ae0b27,FILE TILAPIA KG,000000000000003935,7891527039351,ATIVO,,,,,,Material de Uso e Consumo,,,,2026-01-14T10:15:28.791Z,
e323aac5-5120-4ac6-b580-176e64130b26,FILTRO COMBUSTIVEL D,319224H900N,,ATIVO,,,,,,Material de Uso e Consumo,,,,2026-01-14T08:58:57.782Z,
dd6d1519-0731-4d99-b819-ef31ff33ea02,GAS GLP 2.1,000000000000100003,,ATIVO,,,,,,Material de Uso e Consumo,,,,2026-01-15T08:14:15.988Z,
aedcd60d-30ea-4408-b584-6e33fd00b424,GASOLINA COMUM,10004,,ATIVO,,,,,,Material de Uso e Consumo,,,,2026-01-14T05:49:37.683Z,
c65b4e89-53a9-43c7-9575-9c236e276250,GASOLINA V-POWER,10005,,ATIVO,,,,,,Material de Uso e Consumo,,,,2026-01-14T08:10:14.359Z,
884bb309-2a78-4274-98b5-686f6aa9fccd,GEMA LIQUIDA KG,76,,ATIVO,,56,,56,,Matéria-Prima,"39,00",,,2026-02-09T17:03:40.86202Z,
8e4e6e49-0729-4784-9dd6-8594b7fbdf9c,GLUTAMATO MONOSSODICO KG,12430,0630941622094,ATIVO,,2,,2,,Matéria-Prima,"23,19",,,2026-01-14T09:38:45.279816Z,
4f3f7d75-943f-4675-92e5-bcc7715cbb2b,G-MINI BOLINHA QUEIJO 500GR,5570,7898620330965,ATIVO,"12,99",10,,10,5,Produto Acabado,"7,64","1,00",,2026-01-20T11:05:22.121802Z,
bea6d01f-992c-45ba-93aa-83668bc8a9bd,G-MINI COXINHA FRANGO 500GR,5569,7898620330439,ATIVO,"12,99",10,,10,5,Produto Acabado,"7,64","1,00",,2026-01-20T11:05:34.735322Z,
5cd42b98-fa5b-407f-b025-c155e88faa5e,G-MINI EMPADA FRANGO 500GR,5568,7898620330958,ATIVO,"19,49",10,,10,5,Produto Acabado,"7,64","1,00",,2026-01-20T11:05:46.395571Z,
7bd52f70-d90c-41c8-b898-939c48b2ad11,G-MINI TRAVESSEIRO PIZZA 500GR,5571,7898620330972,ATIVO,"12,99",30,,30,5,Produto Acabado,"7,64","1,00",,2026-01-20T11:05:57.878488Z,
58476579-66d5-4ffd-8661-e93b9b136bc4,HAMBURGUER MISTO,3161,17899566304055,ATIVO,"9,99",96,,96,30,Matéria prima,"8,61","1,00",,2026-02-09T17:12:14.526708Z,
4938afe6-2731-4152-a7eb-385163d1ecf2,Leite Composto Pro 25kg,05359,7898945743761,ATIVO,,50,,50,,Matéria-Prima,"17,96",,,2026-01-14T09:30:02.815068Z,
69ea04cd-6dba-4d7f-b794-18abeeabb5b1,LIMP PEROXIDO 5L CIF,96197,7891150065239,ATIVO,,,,,,Material de Uso e Consumo,,,,2026-01-15T08:27:19.751Z,
fff3a2df-0c07-47fb-bc87-542a2267accb,LINGUICA BLUMENAU MOIDA KG,21,7898912586018,ATIVO,,67,,67,,Matéria-Prima,"39,50",,,2026-02-09T17:27:35.156417Z,
f63efe62-ea4b-4cc8-b7bf-9dd5043ae24f,LINGUICA CALABRESA KG,219711,17891515432314,ATIVO,,95,,95,,Matéria-Prima,"32,54",,,2026-02-09T17:44:42.816768Z,
f97a5db6-0866-4046-a393-9e28182d6bc9,LUVA NITRILICA PRETA S/PO P,PRD00006,,ATIVO,,1,,1,,Matéria-Prima,"28,00",,,2026-02-06T05:19:50.643161Z,
cc7c096d-d3d7-4276-9c90-848b348f9dc3,LUVA NITRILICA S/PO PR G 100UN VABENE,153315,7898546007651,ATIVO,,,,,,Material de Uso e Consumo,,,,2026-01-15T08:27:19.824Z,
766ec156-993b-457f-8e25-842321993dfa,LUVA NITRILICA S/PO PR M 100UN VABENE,153320,7898546007644,ATIVO,,,,,,Material de Uso e Consumo,,,,2026-01-15T08:27:19.847Z,
de6d051e-5715-4ba4-a135-277e808915d5,MAIONESE DOYPACK 1KG HELLMANNS,91715,7891150029002,ATIVO,,,,,,Material de Uso e Consumo,,,,2026-01-15T08:27:19.589Z,
4071efd7-24cd-4818-991c-5f2e4455e124,MARGARINA 80 KG,0014961,07896279601047,ATIVO,,232,,232,,Matéria-Prima,"9,03",,,2026-02-02T14:02:33.650937Z,
3c879e61-d7a0-4c78-89e0-673f3b3a606c,MINI KIBE CARNE C/25 - KIT FESTA,5190,,ATIVO,"27,50",,,,5,Material p/ revenda,"6,53","1,00",,2025-12-15T11:53:06.530069Z,
67914ee3-1781-4222-b780-bc88a07d4ee9,MINI PASTEL CARNE C/25 - KIT FESTA,5180,,ATIVO,"27,50",,,,5,Material p/ revenda,"5,07","1,00",,2025-12-15T11:53:06.550667Z,
8324b8da-cf7d-459a-b04f-e2c439e333ae,MINI SALSICHA C/25 - KIT FESTA,5191,,ATIVO,"27,50",,,,5,Material p/ revenda,"6,24","1,00",,2025-12-15T11:53:06.599293Z,
742e2432-ac20-441e-acb2-1740e8b327f9,NATA BALDE KG,67,7898937578265,ATIVO,,49,,49,,Matéria-Prima,"18,31",,,2026-02-09T17:17:53.451325Z,
13e72054-a59c-46a8-a35b-101caf838ed9,OLEO DIESEL B S10,10006,,ATIVO,,,,,,Material de Uso e Consumo,,,,2026-01-06T17:47:10.108Z,
09a7b527-ff59-4cea-b3cf-a5cd445e9dab,OLEO SOJA LT,GAL,7898965233006,ATIVO,,274,,274,,Matéria-Prima,"7,77",,,2026-02-09T18:03:03.134813Z,
54e19735-781a-4551-b56d-bf8e39ed5e96,ORIGINAL GASOLINA,3,,ATIVO,,,,,,Material de Uso e Consumo,,,,2026-01-13T03:54:57.334Z,
41904297-c981-44ae-8ba9-291bde1cbe19,PA LIXO S/CABO,104213,7898920552173,ATIVO,,,,,,Material de Uso e Consumo,,,,2026-01-15T08:27:19.615Z,
1cfd62d7-b660-4bf7-a447-0f9be3e0de84,Papel Higienico Folha Dupla Rolinho 64x 30m,A01155,,ATIVO,,,,,,Material de Uso e Consumo,,,,2026-01-15T04:17:25.576Z,
9aa1442f-06af-49c0-a30d-b2fd07b6c910,Papel Higienico Folha Dupla Rolo 8x 250m,A01152,,ATIVO,,,,,,Material de Uso e Consumo,,,,2026-01-15T04:17:25.409Z,
813771ef-e475-4cde-a05b-6e295a2be3a3,PAPEL TOALHA 110F,95799,7896053460044,ATIVO,,,,,,Matéria-Prima,,,,2026-02-06T05:25:17.586939Z,
cc416c83-1f8a-452e-b2bd-b1f6f5b62e14,PEDACOS PTO FGO EMP ISC TRD 1KG SD FS,672647,17891515545540,ATIVO,,6,,6,,Matéria-Prima,"27,01",,,2026-01-15T04:41:30.026399Z,
1eb36807-6658-47bd-9cc3-4dc2d86dfa73,PEDRA SANITARIA LAVANDA 25G BRILHOLAC,162423,7896270000757,ATIVO,,,,,,Material de Uso e Consumo,,,,2026-01-15T08:27:19.702Z,
327dd8e3-3b61-4bec-b7e1-9fbe72a7c390,PEITO FRANGO COZIDO KG,000000000000004494,7891527044942,ATIVO,,1169,,1169,,Matéria-Prima,"25,04",,,2026-02-02T14:21:21.624108Z,
46ac97ad-2d0c-4b8b-a46b-f27640dc790c,PEPINO CONS RODELA AGRIDOCE 440G HEMMER,102748,7891031112120,ATIVO,,,,,,Material de Uso e Consumo,,,,2026-01-15T08:27:19.873Z,
1a9a0980-d4de-410f-9519-ebc8d441f603,QUEIJO MUSSARELA KG,2,7898701480008,ATIVO,,132,,132,,Matéria-Prima,"26,24",,,2026-02-09T17:12:14.458078Z,
0a3ddb84-9ac7-46eb-9a28-38a82af1becb,QUEIJO PROVOLONE DEFUMADO KG,387,7898955711095,ATIVO,,13,,13,,Matéria-Prima,"44,18",,,2026-02-06T05:19:50.596925Z,
2fde30d6-90a4-4413-8dc8-4704e07d2047,Recheio Doce de Leite KG,04345,7897500601102,ATIVO,,72,,72,,Matéria-Prima,"18,72",,,2026-01-14T09:30:02.8591Z,
fb805cdc-5db1-48f5-9770-764287711376,Sabao em po - Brilhante kg,A06000,,ATIVO,,,,,,Material de Uso e Consumo,,,,2026-01-15T04:17:25.536Z,
83fdc33f-05d7-4693-9ee0-b679f6ec22d9,Sabao em po - Omo kg,A03463,,ATIVO,,,,,,Material de Uso e Consumo,,,,2026-01-15T08:26:23.243379Z,
07ab5494-8e04-43af-b20a-db108e6761ac,"SABAO PO ROUPAS 5,6KG OMO",96199,7891150064591,ATIVO,,,,,,Material de Uso e Consumo,,,,2026-01-15T08:27:19.725Z,
d79841cb-e022-4ca6-9660-3de8c54dfdd9,SACO 27X38 HARDT UN,118 - 001,,ATIVO,,37000,,37000,,Matéria-Prima,"0,37",,,2026-01-14T10:35:31.901158Z,
eecb6ceb-54b5-4ee4-909d-c0a1b354283c,"SACO LIXO BRANCO 39X52 0,04M 20LT",94920,7898903329020,ATIVO,,,,,,Material de Uso e Consumo,,,,2026-01-15T08:27:19.647Z,
21255e4c-6b64-4f43-b3ca-48ebc8952dfd,SAL REFINADO KG,0015021,07896300701722,ATIVO,,300,,300,,Matéria-Prima,"1,64",,,2026-01-14T10:56:39.259339Z,
981bb71d-f4d2-45d1-ac8f-c35645dbd98e,SALSICHA DOGUINHO KG,70,7891515220983,ATIVO,,320,,320,,Matéria-Prima,"9,75",,,2026-01-23T06:06:00.687274Z,
cc1626c2-f8cb-4b46-8edd-7df47e053c1f,SAPONACEO CREMOSO PROFISSIONAL 2L CIF,94939,7891150060395,ATIVO,,,,,,Material de Uso e Consumo,,,,2026-01-15T08:27:19.769Z,
72b5f79f-407e-4b54-915d-1ca238912dee,SKEELO AUDIOBOOK PREMIUM A03_1025,1636,,ATIVO,,,,,,Material de Uso e Consumo,,,,2026-01-16T04:20:19.735Z,
518a453c-0c2f-4ea7-83df-8228879a5574,SKEELO E-BOOK PREMIUM B03_1025,1633,,ATIVO,,,,,,Material de Uso e Consumo,,,,2026-01-16T04:20:19.629Z,
613cc83d-fcdf-49ba-b5c6-517eee6b0f41,SKEELO MINIBOOK M01_1025,1638,,ATIVO,,,,,,Material de Uso e Consumo,,,,2026-01-16T04:20:19.761Z,
d76297e0-a449-4bd5-a72c-bd7ce494ead3,TAMPA CONDUL PVC MULT  1/2-3/4 BC CEGA TPBC-10/15 E0180  WETZEL,317015037516,7895310016512,ATIVO,,,,,,Material de Uso e Consumo,,,,2026-01-13T03:30:32.685Z,
4cfa0692-fdf0-4309-8ed0-bb8f02c8e7b6,TEMPERO KNORR CEBOLA E ALHO KG,12244,7891150017306,ATIVO,,12,,12,,Matéria-Prima,"37,02",,,2026-01-14T09:38:45.154674Z,
344f337f-27c1-4de1-aa9d-b77619b82a9b,TIRA MANCHAS LIQ OMO - LT,94954,7891150060364,ATIVO,,,,,,Matéria-Prima,,,,2026-02-06T05:25:17.7336Z,
0d234628-42b3-4cce-8c88-b907f595beee,TRAVESSEIRO PIZZA C/25 - KIT FESTA,5192,,ATIVO,"20,00",,,,5,Material p/ revenda,"3,73","1,00",,2025-12-15T11:53:06.602311Z,
40d34ee5-b8aa-4940-a472-8be002ace205,VARETA MEDIR OLEO FIAT UNO PALIO FIRE 1.3,53292,,ATIVO,,,,,,Material de Uso e Consumo,,,,2026-01-14T09:34:12.694Z,
bbba2241-0d79-40fe-8e05-5f46ee438da5,VINAGRE LT,389,7896383300096,ATIVO,,,,,,Matéria-Prima,,,,2026-02-06T05:25:17.628786Z,
1080d2a1-391b-4745-a6a0-c88ebb9be68c,Z-KIT AMOTRA,5572,,ATIVO,"1,00",37,,37,5,Material p/ revenda,,"1,00",,2025-12-15T11:53:07.135244Z,
bb345877-c6cf-4720-a23b-a5b52a20981e,BOLINHO DE CARNE FRITO PCT 10 UND,314,,ATIVO,,50,,50,,Matéria-Prima,"35,00",,,2026-02-09T17:07:58.836335Z,
62fad9d1-0e15-44b9-a5f9-2ca47d87a4d0,PRESUNTO FAT 500G,108130,7898913656185,ATIVO,,4,,4,,Matéria-Prima,"12,41",,,2026-01-19T21:31:33.339262Z,
1659b9e6-d347-4df4-b44f-3b6e61bb4731,CAFE SOLUVEL 500GR,0001,,ATIVO,,,,,,Material de Uso e Consumo,,,,2026-01-21T05:58:45.569Z,
97947e26-029f-4f45-8b14-c98ea37e46e5,AMIDO DE MILHO KG,832,7896035950372,ATIVO,,65,,65,,Matéria-Prima,"5,87",,,2026-01-28T05:41:28.436842Z,
c5c56f60-c446-4c77-953f-30146aab7cf9,FLOR DE SAL CIM SAL 350G,1655,,ATIVO,,1,,1,,Matéria-Prima,"27,13",,,2026-01-21T08:54:29.68354Z,
9292a033-57a8-4515-a778-534c84aadeaf,GERGELIM BRANCO DESCASCADO KG,521,,ATIVO,,25,,25,,Matéria-Prima,"17,08",,,2026-01-21T08:54:29.711563Z,
8663b63a-5a42-4615-98ba-fab292262cd8,GOMA XANTANA KG,482,,ATIVO,,6,,6,,Matéria-Prima,"42,20",,,2026-01-21T08:54:29.748383Z,
55b75faa-403d-4754-aef4-1697e0841135,PAPRICA DOCE DEFUMADA KG,2009,17898486578843,ATIVO,,10,,10,,Matéria-Prima,"28,84",,,2026-01-21T08:54:29.839713Z,
5ffbe0bc-3b7b-49eb-9df3-a3ef5e796219,CANTONEIRA EXT 40X150X2200MM,7899009038992,,ATIVO,,,,,,Material de Uso e Consumo,,,,2026-01-21T09:18:15.619Z,
8b3d8549-1026-42c7-9bf2-16da8fa4a869,CANTONEIRA EXT 40X160X2200MM,7899009038993,,ATIVO,,,,,,Material de Uso e Consumo,,,,2026-01-21T09:18:15.638Z,
0116adda-5207-4f75-a226-dff23edad9c5,CANTONEIRA EXT 40X50X2200MM,7899009038991,,ATIVO,,,,,,Material de Uso e Consumo,,,,2026-01-21T09:18:15.591Z,
609a738e-6c73-4485-8d2c-69f063f06c50,ACUCAR REFINADO KG,123144,7896508200041,ATIVO,,,,,,Matéria-Prima,,,,2026-02-06T05:32:55.367971Z,
c2096226-5b1c-4419-8bea-15324f49ad20,CAFE GRAO ESPRESSO 500G PREM 3 CORACOES,96334,7896005806180,ATIVO,,,,,,Matéria-Prima,,,,2026-02-06T05:32:56.167394Z,
12f93a70-c950-4148-9b2b-2a306df090b1,CAFE GRAO EXPRESSO 1KG FRITZ E FRIDA,154155,7890300690567,ATIVO,,,,,,Matéria-Prima,,,,2026-02-06T05:32:56.197294Z,
e9e0a588-6417-493d-b55d-2b7854891867,CAFE TORRADO EM GRAOS POUCH 1KG SPRESS,123867,7898251100029,ATIVO,,,,,,Matéria-Prima,,,,2026-02-06T05:32:55.167066Z,
f05fbc45-8ca1-4a7f-bc71-730420e989dd,CAFE TORRADO GRAOS SPRESSO 500G MELITTA,137763,7896348300970,ATIVO,,,,,,Matéria-Prima,,,,2026-02-06T05:32:56.242172Z,
aa2aeb38-fb81-4c03-b7f2-9a39a5c49d54,LEITE PO INTEG INST KG,94818,7898215152446,ATIVO,,50,,50,,Matéria-Prima,"17,14",,,2026-02-06T05:32:55.318369Z,
716e803c-c6a8-45d9-8b08-f171d01cdd30,MOLHO SHOYU PREMIUM LT,10668,7896007840014,ATIVO,,3,,3,,Matéria-Prima,"9,08",,,2026-02-06T05:32:56.294882Z,
bdcca099-a257-4c40-bda3-2528ed2f22d7,SALSICHA P/ EMPANADO KG,072394,17896275949928,ATIVO,,218,,218,,Matéria-Prima,"8,46",,,2026-02-09T17:35:47.235807Z,
ef7062e4-32bb-4f36-be32-19659ec92b44,MANTEIGA C/SAL TAB 200G,106027,7896353302303,ATIVO,,12,,12,,Matéria-Prima,"11,54",,,2026-01-23T06:06:00.724484Z,
67b458aa-42a9-41fa-aeda-8538798255df,GORDURA VEGETALKG,0014948,07896279602747,ATIVO,,160,,160,,Matéria-Prima,"10,01",,,2026-02-09T18:03:03.170833Z,
b39e2973-431a-452b-9e28-a2b6e3e04f03,ETIQUETA COMESTIVEL 20x20mm,7035023685,,ATIVO,,25000,,25000,,Matéria-Prima,"0,08",,,2026-01-26T11:44:48.719063Z,
2771ebbd-53cb-4eff-a8f1-d948ee031a3c,FILTRO AR UNO 2021 - F.AR C290031 FAP9054 LX3135 ARL4152,25906,4011558072872,ATIVO,,,,,,Material de Uso e Consumo,,,,2026-01-27T04:36:05.847Z,
bb56e5ce-a70b-4071-b0e3-5c54b3967fda,FILTRO OLEO W6MULTI20,25605,7893390601499,ATIVO,,,,,,Material de Uso e Consumo,,,,2026-01-27T04:36:05.883Z,
2702d9d9-6d55-41e3-9c7c-a2e9dedc2624,OLEO GRANEL 5W30 - MOBIL,170,,ATIVO,,,,,,Material de Uso e Consumo,,,,2026-01-27T04:36:05.91Z,
7d48c9ea-12a2-4e42-9062-40df02e119a3,COMPL. DO VALOR DE COMPLEMENTO ICMS DESTACADO A MENOR NA NF-E REFERENCIA: 4226010784994300013255001,ICMS,,ATIVO,,,,,,Material de Uso e Consumo,,,,2026-01-27T04:52:59.418Z,
29e5d0b4-7d3a-4436-85db-ef05b1484e4b,ALCOOL 70 1L,1980,7898172662163,ATIVO,,12,,12,,Matéria-Prima,"6,52",,,2026-01-28T05:41:28.36161Z,
d4e76792-f947-44d3-8697-c75c63172491,SACO LIXO 100L REFOR.NAVEPLAST 8 MICRAS C/100,8351,7898333730250,ATIVO,,1,,1,,Matéria-Prima,"74,02",,,2026-01-28T05:41:28.182908Z,
11544ede-9dfb-4e73-acd0-0851574b4308,SACO LIXO 50L REFOR.C/100,52,7898333730236,ATIVO,,2,,2,,Matéria-Prima,"39,38",,,2026-01-28T05:41:28.264423Z,
64f38def-22aa-42b7-8c76-e89652e3dee3,14-20MM ANEL BUJAO CARTER HYUNDAI,106993,7891799011994,ATIVO,,,,,,Material de Uso e Consumo,,,,2026-01-28T05:53:40.368Z,
32f67591-300a-4653-af88-b533961b1531,DISCO FREIO BONGO K2500 2.5 12,HF352C,7898500318311,ATIVO,,,,,,Material de Uso e Consumo,,,,2026-01-28T05:54:24.77Z,
24118519-2f5d-4733-8a86-4fab6278e9b6,FILT.AR KIA K2500 HDI 2.5 14-,HD2811,7899736151451,ATIVO,,,,,,Material de Uso e Consumo,,,,2026-01-28T05:53:40.269Z,
77bb4837-00a8-4e52-b4d7-6f15dbef829b,FILTRO DE OLEO HR LB332 VOX,LB332,7898452282395,ATIVO,,,,,,Material de Uso e Consumo,,,,2026-01-28T05:53:40.31Z,
7ca120c7-3eca-4d7d-b85d-81c0e6b84be7,OLEO 15W40,70269251BR,7891414192541,ATIVO,,,,,,Material de Uso e Consumo,,,,2026-01-28T05:53:40.344Z,
c6e3828d-a478-49b2-b2c6-da554cbb2d9f,PAST.FREIO BESTA GS-FURGAO-BON,PD-69,7893026180794,ATIVO,,,,,,Material de Uso e Consumo,,,,2026-01-28T05:54:24.813Z,
a417245d-c656-4b47-8fe3-35b40447a2d6,PALMITO PUPUNHA,PALMI1,,ATIVO,,200,,200,,Categoria padrão,"4,45",,,2026-02-02T13:46:46.568488Z,
239f5be7-1567-482d-8c6c-4f3f57a203ff,FERMENTO KG,00008,7898409955020,ATIVO,,10,,10,,Matéria-Prima,"27,90",,,2026-02-02T13:52:38.756121Z,
510f1130-b98a-4a0b-a44a-b8b82819275d,MELHORADOR KG,04338,7891080150241,ATIVO,,20,,20,,Matéria-Prima,"12,13",,,2026-02-02T13:52:38.756261Z,
abd9b0c4-2f1f-46ef-b420-c599911c0259,FGO COXA/SOB KG,94479,7891527000528,ATIVO,,16,,16,,Matéria-Prima,"7,20",,,2026-02-02T13:57:31.798167Z,
56af7f12-13a4-4765-8217-7e5f88ed5a11,"EXTRATO TOMATE 1,04KG ELEFANTE",155190,7896036000816,ATIVO,,,,,,Material de Uso e Consumo,,,,2026-02-02T14:13:31.377Z,
e102cb1b-a555-4d69-bd57-8b303e033c29,"Papel Toalha Folha Tripla Interfolhado Fardo 12x200f 2400 folhas 21x21,5cm Inovatta ITI03",A01189,,ATIVO,,,,,,Material de Uso e Consumo,,,,2026-02-02T14:09:56.174Z,
bbb12e20-61d7-4932-b551-990fd87b1532,TOUCA DESC SANFONADA 100UN,163010,7896252213953,ATIVO,,,,,,Material de Uso e Consumo,,,,2026-02-02T14:13:31.361Z,
16443a75-3d9b-42bc-81b3-8028f62843a1,Luva De Latex Ranhurada Volk,7936,7898207219829,ATIVO,,,,,,Material de Uso e Consumo,,,,2026-02-02T16:11:01.26Z,
60613415-ac78-4d5c-902e-cad3f91c765a,Copo de Papel 180ml Kraft C/25 Un,CBPK-6IB,7908463033067,ATIVO,,,,,,Material de Uso e Consumo,,,,2026-02-02T16:13:36.716Z,
5d168c90-918e-4db6-b492-666b3c9b0e2f,Papel Sulfite Premium Branco A4 500 Folhas,estrategia02,,ATIVO,,,,,,Material de Uso e Consumo,,,,2026-02-02T16:17:52.81Z,
3081dcc4-2c6f-47bd-94c3-faf920e7db59,CABO FREIO MAO NEW KIA BONGO,599124E410,,ATIVO,,,,,,Material de Uso e Consumo,,,,2026-02-02T16:23:30.295Z,
c8ea70d1-6916-4ff9-8356-e31891dffe0a,Cadeira Allegra Preta,CD-312,,ATIVO,,,,,,Material de Uso e Consumo,,,,2026-02-02T16:31:52.917Z,
8b7ae355-5e4f-4f77-898c-2983255a5772,FILTRO AR MOTOR - JFA0H35,258361,,ATIVO,,,,,,Material de Uso e Consumo,,,,2026-02-02T16:29:07.9Z,
7de8a16f-e3d5-4e68-9c1f-d33d03f389e8,FILTRO LUBRIFICANTE HR JFO050SP - 25084,256978,,ATIVO,,,,,,Material de Uso e Consumo,,,,2026-02-02T16:29:07.922Z,
995f539c-6238-4a2d-beef-71f72a698dba,(GS140) SAPATA FREIO BONGO 03- HR 2.5 05- 260X51MM,53106,,ATIVO,,,,,,Material de Uso e Consumo,,,,2026-02-02T16:29:07.88Z,
0584309c-7d23-44af-b94c-ad8414df7ec0,FOGAO COOKTOP ATLAS AGILE GAS 4BC UP PR 25 300002010,FOGATL00028,7897180599904,ATIVO,,,,,,Material de Uso e Consumo,,,,2026-02-02T16:40:05.041Z,
83144ac9-5da2-4b5b-b85c-6805e153824b,Galheteiro de Vidro Porta Condimentos Azeite e Vinagre,1058,7908216123632,ATIVO,,,,,,Material de Uso e Consumo,,,,2026-02-02T16:43:15.468Z,
f219be60-9374-4557-b071-80dc7dd456e0,Sapato Fechado Cozinha Epi,16329_003_37,,ATIVO,,,,,,Material de Uso e Consumo,,,,2026-02-02T16:46:06.782Z,
d5459e28-1ea3-40a8-b641-6ebbb17d3a63,PHILIPS LUMINARIA HERMETICA CINZA,4366,8718699521455,ATIVO,,,,,,Material de Uso e Consumo,,,,2026-02-02T18:01:25.447Z,
ba89028c-5323-4d7d-8243-df2bd5bdf51d,"Barra Inox 304 Redondo 1,5mm X 50cm - Kit C/ 10 Pecas",MLB3586749605,,ATIVO,,,,,,Material de Uso e Consumo,,,,2026-02-02T18:03:51.029Z,
2974b069-314f-4bd1-9735-6a91ef3bb8f6,FILAMENTO RAPID PETG ELEGOO - 1KG,RAPID_PETG_PRETO,7796043588751,ATIVO,,,,,,Material de Uso e Consumo,,,,2026-02-02T18:05:49.716Z,
68690d51-1a09-4fcc-b3d9-4e6781e519fe,BATERIA UNO ELETRAN ADVANCE 50D,1170,,ATIVO,,,,,,Material de Uso e Consumo,,,,2026-02-02T18:08:45.88Z,
4a61b6dd-727a-4bbe-8006-da30ca6d143a,FILT.OLEO PALIO-UNO-STRADA FIR,LB55,7899736105577,ATIVO,,,,,,Material de Uso e Consumo,,,,2026-02-03T15:20:38.864Z,
41afdd98-1d1f-4abf-bd86-285b0434c48f,PETRONAS SYNTIUM 3000 XS 5W-30 SP(24X1L),70804E19BR,7891414110224,ATIVO,,,,,,Material de Uso e Consumo,,,,2026-02-03T15:20:38.824Z,
81f5d334-df6f-41be-8959-322cee276a29,BISTECA SUINA KG,149102,97891515516317,ATIVO,,,,,,Material de Uso e Consumo,,,,2026-02-09T17:51:25.220776Z,
e69fdfa0-2bb9-48c7-894b-2b43bf42817c,CAIXA TORTINHAS GENERICA UN,MT3,,ATIVO,,2150,,2150,,Matéria-Prima,"2,59",,,2026-02-09T17:38:42.853881Z,
9a78a335-0e97-4198-b919-3867b28e19ef,COPO PL.180ML PLASTICO C/100 UN,13540,7896030892516,ATIVO,,,,,,Material de Uso e Consumo,,,,2026-02-09T17:15:30.711Z,
a2995fa2-596c-498d-9d0f-d3c061ba26cf,FILE MIGNON SUI FAT IQF CONG PT 800G SD,757087,17891515558632,ATIVO,,,,,,Material de Uso e Consumo,,,,2026-02-09T17:50:27.708058Z,
4ca8ad7c-f881-4e67-b312-81cb0b8c666b,FILE SALMAO KG,122982,7899947803491,ATIVO,,,,,,Material de Uso e Consumo,,,,2026-02-09T17:05:17.541Z,
0a3a6d67-e66d-449c-b27b-34b81b2f76dd,MANIPULO CST 2536 M8 MERK BAK -CABO STANDARD,2118,,ATIVO,,,,,,Material de Uso e Consumo,,,,2026-02-09T18:45:06.925Z,
b5682969-1c27-4204-a57e-c5be6e81a991,MARLBORO BLUE ICE BURST BOX,5090,,ATIVO,,,,,,Material de Uso e Consumo,,,,2026-02-09T19:38:53.407Z,
292e1943-ad47-4eca-b4b6-6ea24cbdf735,MARLBORO BLUE ICE BURST BOX,5093,,ATIVO,,,,,,Material de Uso e Consumo,,,,2026-02-09T19:35:23.272Z,
12951cc0-f69a-4b2c-b299-ca5f2723c54f,MARLBORO BLUE ICE BURST BOX,5092,,ATIVO,,,,,,Material de Uso e Consumo,,,,2026-02-09T19:35:23.242Z,
dd4b4af4-be1b-4c9f-86fc-614081a690d3,"PRESUNTO FAT VACUO PT 200G PERD CX 4,0KG",478216,17891515484047,ATIVO,,20,,20,,Matéria-Prima,"5,26",,,2026-02-09T17:44:42.932881Z,
fb958071-a642-49c2-a424-5968b3de060d,QUEIJO CHEEDAR FATIADO KG,101783,7891143018495,ATIVO,,2,,2,,Matéria-Prima,"35,18",,,2026-02-09T17:12:14.630302Z,
e210565b-76b5-459d-8986-7b7d2f45efeb,QUEIJO PRATO FATIADO 150G SADIA,761062,17891515592087,ATIVO,,28,,28,,Matéria-Prima,"7,23",,,2026-02-09T17:44:42.861141Z,
fa191b02-6cda-4f73-bf31-b365c75890f2,REQUEIJAO QUALY TRADICIONAL 200G,694914,17891515557451,ATIVO,,,,,,Material de Uso e Consumo,,,,2026-02-09T17:48:58.715171Z,
71489fe7-8b2c-4987-969a-2a748dcbfbd8,"SUCO LARANJA INTEG 2,8L SUQ",157496,7898956109600,ATIVO,,,,,,Material de Uso e Consumo,,,,2026-02-09T17:05:17.51Z,
03a7b658-5d65-44cf-a312-51030e5019ec,VASSOURA NYLON C/CABO UN,5426,7898920552098,ATIVO,,,,,,Material de Uso e Consumo,,,,2026-02-09T17:15:30.684Z,